Workshop Name,Workshop Date,Workshop Price,Workshop Units,Workshop Studio,Workshop Address,URL_E
Twerkshop by Maddie,März02Samstag,"ab 27,00 €",1 Einheit,Aerial Loft,"Solitudestraße 48, 71638 Ludwigsburg",https://www.eversports.de/e/workshop/N4v8WV0
WORKSHOP: Chair Dance,März16Samstag,"ab 27,00 €",1 Einheit,Aerial Loft,"Solitudestraße 48, 71638 Ludwigsburg",https://www.eversports.de/e/workshop/onN7Doj
All About Forearmstand (4 Wochen Online Intensivkurs) ,Jan07bis Jan 28,Ausgebucht,4 Einheiten,Yoga and Pole Art by Selina,"Online *, World Wide",https://www.eversports.de/e/workshop/WN-XHxi
Spinning Pole Combos Intermediate Online Workshop,Feb11Sonntag,"ab 44,00 €",1 Einheit,Yoga and Pole Art by Selina,"Online *, World Wide",https://www.eversports.de/e/workshop/dhAWne_
Kopfstand Technik Online Workshop ,Feb24Samstag,"ab 44,00 €",1 Einheit,Yoga and Pole Art by Selina,"Online *, World Wide",https://www.eversports.de/e/workshop/p_eKWTW
Atemtechniken Online Workshop ,März09Samstag,"ab 44,00 €",1 Einheit,Yoga and Pole Art by Selina,"Online *, World Wide",https://www.eversports.de/e/workshop/1PmB24I
Split & Straddle Technik Online Workshop ,März22Freitag,"ab 44,00 €",1 Einheit,Yoga and Pole Art by Selina,"Online *, World Wide",https://www.eversports.de/e/workshop/Zk4neM3
Split on Pole (Intermediate) Online Workshop,März29Freitag,"ab 44,00 €",1 Einheit,Yoga and Pole Art by Selina,"Online *, World Wide",https://www.eversports.de/e/workshop/VnmCBGD
Yoga Rad Einsteiger Online Workshop ,Apr06Samstag,"ab 44,00 €",1 Einheit,Yoga and Pole Art by Selina,"Online *, World Wide",https://www.eversports.de/e/workshop/qdYG4WC
Competition Pole Tricks Intermediate & Advanced Level Online Workshop ,Apr12Freitag,"ab 44,00 €",1 Einheit,Yoga and Pole Art by Selina,"Online *, World Wide",https://www.eversports.de/e/workshop/M4MjCdo
Spinning Pole Combos Intermediate Online Workshop,Mai01Mittwoch,"ab 44,00 €",1 Einheit,Yoga and Pole Art by Selina,"Online *, World Wide",https://www.eversports.de/e/workshop/bi8m5zs
Yoga Rad Online Workshop: Schwerpunkt Backbends ,Mai19Sonntag,"ab 44,00 €",1 Einheit,Yoga and Pole Art by Selina,"Online *, World Wide",https://www.eversports.de/e/workshop/ccLkJAE
Partner Akrobatik Workshop,Feb04Sonntag,"ab 30,00 €",1 Einheit,Pole Paradise,"Ravensburger Straße 110-112, 50739 Köln",https://www.eversports.de/e/workshop/1zI8wYx
Exotic Valentins Choreo,Feb17Samstag,"ab 30,00 €",1 Einheit,Pole Paradise,"Ravensburger Straße 110-112, 50739 Köln",https://www.eversports.de/e/workshop/NLk1782
Lyrical Pole Workshop - Anfänger,Feb22Donnerstag,"ab 30,00 €",1 Einheit,Flow Fusion Pole-Aerial-Dance Studio,"Platenstraße 64, 90441 Nürnberg",https://www.eversports.de/e/workshop/pcj6I1Q
Heels Pole,Jan26Freitag,ab 0 €,1 Einheit,PoleFit Aline Sustrath,"Landgrafenstraße 6, 66969 Lemberg",https://www.eversports.de/e/workshop/cMAYTid
Floorplay,Jan26Freitag,ab 0 €,1 Einheit,PoleFit Aline Sustrath,"Landgrafenstraße 6, 66969 Lemberg",https://www.eversports.de/e/workshop/VKmdxO2
Welcome to Burlesque!,März02Samstag,"ab 70,00 €",1 Einheit,PoleFit Aline Sustrath,"Landgrafenstraße 6, 66969 Lemberg",https://www.eversports.de/e/workshop/F0nh2br
Chairdance,Jan27Samstag,"ab 30,00 €",1 Einheit,Pole and Move Ketsch,"Gutenbergstraße 36, 68775 Ketsch",https://www.eversports.de/e/workshop/d8-2jYm
Twerking Workshop,Jan27Samstag,Ausgebucht,1 Einheit,Pole and Move Ketsch,"Gutenbergstraße 36, 68775 Ketsch",https://www.eversports.de/e/workshop/m2bIKF_
Burlesque,März02Samstag,"ab 30,00 €",1 Einheit,Pole and Move Ketsch,"Gutenbergstraße 36, 68775 Ketsch",https://www.eversports.de/e/workshop/nZwqDWw
Handstand,März02Samstag,"ab 30,00 €",1 Einheit,Pole and Move Ketsch,"Gutenbergstraße 36, 68775 Ketsch",https://www.eversports.de/e/workshop/NCNYd8p
Stripperella (all level),Jan27Samstag,"ab 60,00 €",1 Einheit,Nordpole,"Mendelssohnstraße 15B, 22761 Hamburg",https://www.eversports.de/e/workshop/eNLYiTi
Floorwork Stripperstyle (all level),Jan27Samstag,"ab 60,00 €",1 Einheit,Nordpole,"Mendelssohnstraße 15B, 22761 Hamburg",https://www.eversports.de/e/workshop/kP5QagX
WORKSHOP- Improve Your Invert Skills,Feb24Samstag,"ab 39,00 €",1 Einheit,Body meets Soul Leipzig,"Gabelsbergerstraße 1a, 04317 Leipzig",https://www.eversports.de/e/workshop/uO9N1VQ
Polefitness Kids,Jan10bis Jan 31,"ab 43,00 €",4 Einheiten,PoleathletiX,"Industriestr 10, 22927 Celle",https://www.eversports.de/e/workshop/bFfG7kg
Pilates - die sanfte Kraft,Jan11bis März 14,"ab 12,00 €",10 Einheiten,PoleathletiX,"Industriestr 10, 22927 Celle",https://www.eversports.de/e/workshop/fWcLCKr
Polefitness Schnuppertraining ,Jan12bis Feb 02,"ab 12,00 €",4 Einheiten,PoleathletiX,"Industriestr 10, 22927 Celle",https://www.eversports.de/e/workshop/Tb_3jSS
Jumping Fitness,Jan29bis Feb 12,"ab 10,00 €",2 Einheiten,PoleathletiX,"Industriestr 10, 22927 Celle",https://www.eversports.de/e/workshop/BCHRRb3
Chair Dance,Feb06Dienstag,"ab 10,00 €",1 Einheit,PoleathletiX,"Industriestr 10, 22927 Celle",https://www.eversports.de/e/workshop/LuQ-jUD
Polefitness Kids,Feb07bis Feb 28,"ab 43,00 €",4 Einheiten,PoleathletiX,"Industriestr 10, 22927 Celle",https://www.eversports.de/e/workshop/wpcpX0U
YoungMamaFit,Feb08bis Apr 11,"ab 13,00 €",10 Einheiten,PoleathletiX,"Industriestr 10, 22927 Celle",https://www.eversports.de/e/workshop/csrqGyT
Twerk it ,Feb11Sonntag,"ab 10,00 €",1 Einheit,PoleathletiX,"Industriestr 10, 22927 Celle",https://www.eversports.de/e/workshop/rXgOpSM
Chair Dance,Feb20Dienstag,"ab 10,00 €",1 Einheit,PoleathletiX,"Industriestr 10, 22927 Celle",https://www.eversports.de/e/workshop/GPwT8hl
Faszientraining - AgilityLife,März21bis Mai 09,"ab 12,00 €",8 Einheiten,PoleathletiX,"Industriestr 10, 22927 Celle",https://www.eversports.de/e/workshop/Q4B35ej
Pole meets Burlesque Workshop,Feb09Freitag,"ab 30,00 €",1 Einheit,Pole and Move Heidelberg,"Hauptstraße 58, 69214 Eppelheim",https://www.eversports.de/e/workshop/VYi81mK
Pole Nick - Down to Earth,Feb24Samstag,"ab 60,00 €",1 Einheit,Pole and Move Heidelberg,"Hauptstraße 58, 69214 Eppelheim",https://www.eversports.de/e/workshop/101RSFR
Pole Nick - Balance Baby,Feb24Samstag,"ab 60,00 €",1 Einheit,Pole and Move Heidelberg,"Hauptstraße 58, 69214 Eppelheim",https://www.eversports.de/e/workshop/AnumKko
Pole Nick - Alltime Favourites,Feb24Samstag,"ab 60,00 €",1 Einheit,Pole and Move Heidelberg,"Hauptstraße 58, 69214 Eppelheim",https://www.eversports.de/e/workshop/aqDwRxt
Strip Plastic mit BendyGio,März22Freitag,"ab 59,00 €",1 Einheit,Pole and Move Heidelberg,"Hauptstraße 58, 69214 Eppelheim",https://www.eversports.de/e/workshop/xpUUbAx
Spinning Flexy Illusions mit BendyGio,März22Freitag,"ab 59,00 €",1 Einheit,Pole and Move Heidelberg,"Hauptstraße 58, 69214 Eppelheim",https://www.eversports.de/e/workshop/yXAMy8l
Dan Rosen - Dynamic Heels,Apr28Sonntag,"ab 65,00 €",1 Einheit,Pole and Move Heidelberg,"Hauptstraße 58, 69214 Eppelheim",https://www.eversports.de/e/workshop/mI91ydw
Dan Rosen - Heels Flow,Apr28Sonntag,"ab 65,00 €",1 Einheit,Pole and Move Heidelberg,"Hauptstraße 58, 69214 Eppelheim",https://www.eversports.de/e/workshop/Ngcpd4l
Dan Rosen - Dan's Favourite Combo's,Apr28Sonntag,"ab 65,00 €",1 Einheit,Pole and Move Heidelberg,"Hauptstraße 58, 69214 Eppelheim",https://www.eversports.de/e/workshop/ij8VZCH
Twerk with Karina,Feb10Samstag,"ab 40,00 €",1 Einheit,Stadtgazellen Bremen,"Bremerhavener Straße 210, 28217 Bremen",https://www.eversports.de/e/workshop/YiU_KF8
Burlesque X Pole Art,Feb10Samstag,"ab 40,00 €",1 Einheit,Stadtgazellen Bremen,"Bremerhavener Straße 210, 28217 Bremen",https://www.eversports.de/e/workshop/Vnofur2
Flirty Double Silk,Feb10Samstag,"ab 40,00 €",1 Einheit,Stadtgazellen Bremen,"Bremerhavener Straße 210, 28217 Bremen",https://www.eversports.de/e/workshop/wFn4PaN
Heels Strip'n'Floor,Feb10Samstag,"ab 40,00 €",1 Einheit,Stadtgazellen Bremen,"Bremerhavener Straße 210, 28217 Bremen",https://www.eversports.de/e/workshop/6ZllXAZ
Lap Dance,Feb10Samstag,"ab 40,00 €",1 Einheit,Stadtgazellen Bremen,"Bremerhavener Straße 210, 28217 Bremen",https://www.eversports.de/e/workshop/7blW22y
Sweet Low Flow Pole,Feb10Samstag,"ab 40,00 €",1 Einheit,Stadtgazellen Bremen,"Bremerhavener Straße 210, 28217 Bremen",https://www.eversports.de/e/workshop/v4tYN09
Contemporary Workshop ,März09Samstag,"ab 50,00 €",1 Einheit,Stadtgazellen Bremen,"Bremerhavener Straße 210, 28217 Bremen",https://www.eversports.de/e/workshop/KWx3LyO
Pole Tricks & Transitions - Beginner Workshop ,März16Samstag,"ab 50,00 €",1 Einheit,Stadtgazellen Bremen,"Bremerhavener Straße 210, 28217 Bremen",https://www.eversports.de/e/workshop/WRl24o5
Regrips and flips in combos - Intermediate Workshop,März16Samstag,Ausgebucht,1 Einheit,Stadtgazellen Bremen,"Bremerhavener Straße 210, 28217 Bremen",https://www.eversports.de/e/workshop/wrZkEQ3
VALENTINS WORKSHOPS,Feb09bis Feb 27,"ab 25,00 €",5 Einheiten,Seemannsbraut Poledance,"Ochsenweg 27-29, 24941 Flensburg",https://www.eversports.de/e/workshop/tjSmCEx
Lea Roth - Favorite Tricks & Combos,Feb17Samstag,"ab 55,00 €",1 Einheit,Seemannsbraut Poledance,"Ochsenweg 27-29, 24941 Flensburg",https://www.eversports.de/e/workshop/mQPzgO-
Workshop mit @bou_boulette (Janine Hollung),März02bis März 02,"ab 65,00 €",2 Einheiten,POLEside,"Weststraße 1, 74193 Schwaigern",https://www.eversports.de/e/workshop/llCPKoMLh
Lap Dance Workshop Valentins Edition ,Feb09Freitag,"ab 30,00 €",1 Einheit,Glow Sports Club,"Industriepark 201, 78244 Gottmadingen",https://www.eversports.de/e/workshop/n1eG1oH
Flying Pole Workshop,Jan28Sonntag,Ausgebucht,1 Einheit,Pole and Move Ludwigshafen,"Raschigstraße 100, 67067 Ludwigshafen am Rhein",https://www.eversports.de/e/workshop/YuOP2Ee
Aerial Hammock Workshop,Feb03Samstag,"ab 30,00 €",1 Einheit,Pole and Move Ludwigshafen,"Raschigstraße 100, 67067 Ludwigshafen am Rhein",https://www.eversports.de/e/workshop/aldL57L
Aerial Hoop Rolls Workshop,Feb03Samstag,"ab 30,00 €",1 Einheit,Pole and Move Ludwigshafen,"Raschigstraße 100, 67067 Ludwigshafen am Rhein",https://www.eversports.de/e/workshop/hz_ZPLE
Chairdance,Feb10Samstag,"ab 30,00 €",1 Einheit,Pole and Move Ludwigshafen,"Raschigstraße 100, 67067 Ludwigshafen am Rhein",https://www.eversports.de/e/workshop/M1wKpZR
Lapdance Workshop,Feb10Samstag,"ab 30,00 €",1 Einheit,Pole and Move Ludwigshafen,"Raschigstraße 100, 67067 Ludwigshafen am Rhein",https://www.eversports.de/e/workshop/xAIHC25
Aerial Hammock Workshop,März02Samstag,"ab 30,00 €",1 Einheit,Pole and Move Ludwigshafen,"Raschigstraße 100, 67067 Ludwigshafen am Rhein",https://www.eversports.de/e/workshop/QSBryP0
Aerial Hoop Bendy Shapes,März02Samstag,"ab 30,00 €",1 Einheit,Pole and Move Ludwigshafen,"Raschigstraße 100, 67067 Ludwigshafen am Rhein",https://www.eversports.de/e/workshop/VBYd7ZF
Chairdance,März09Samstag,"ab 30,00 €",1 Einheit,Pole and Move Ludwigshafen,"Raschigstraße 100, 67067 Ludwigshafen am Rhein",https://www.eversports.de/e/workshop/zTbGfLi
Lapdance Workshop,März09Samstag,"ab 30,00 €",1 Einheit,Pole and Move Ludwigshafen,"Raschigstraße 100, 67067 Ludwigshafen am Rhein",https://www.eversports.de/e/workshop/fUoSQuY
Lap & Strip (ALL LEVELS)  *Valentine`s Edition,Feb10Samstag,"ab 35,00 €",1 Einheit,Soultide,"Süderstraße 159A, 20537 Hamburg",https://www.eversports.de/e/workshop/Q5aPZDK
Lap Dance I Hot as Hell (Intermediate),Feb10Samstag,"ab 35,00 €",1 Einheit,Soultide,"Süderstraße 159A, 20537 Hamburg",https://www.eversports.de/e/workshop/I9MFy2z
Pole Straps Intermediate Workshop,Feb03Samstag,"ab 30,00 €",1 Einheit,Pole and Move Mannheim,"Edisonstraße 20, 68309 Mannheim",https://www.eversports.de/e/workshop/UZAUnxM
Pole Straps Beginner Workshop,Feb03Samstag,"ab 30,00 €",1 Einheit,Pole and Move Mannheim,"Edisonstraße 20, 68309 Mannheim",https://www.eversports.de/e/workshop/-IGRjIZ
Handstand Workshop,März09Samstag,"ab 30,00 €",1 Einheit,Pole and Move Mannheim,"Edisonstraße 20, 68309 Mannheim",https://www.eversports.de/e/workshop/gbofUBp
Aerial Hoop Choreo Workshop ,März09Samstag,"ab 30,00 €",1 Einheit,Pole and Move Mannheim,"Edisonstraße 20, 68309 Mannheim",https://www.eversports.de/e/workshop/NFfn_y6
We love Pancakes - mit Caroline Lange,März22Freitag,"ab 59,00 €",1 Einheit,Pole and Move Mannheim,"Edisonstraße 20, 68309 Mannheim",https://www.eversports.de/e/workshop/miY7n0b
Aerial Hoop Choreo Workshop ,Apr13Samstag,"ab 30,00 €",1 Einheit,Pole and Move Mannheim,"Edisonstraße 20, 68309 Mannheim",https://www.eversports.de/e/workshop/C9b62JT
Handstand Workshop,Apr13Samstag,"ab 30,00 €",1 Einheit,Pole and Move Mannheim,"Edisonstraße 20, 68309 Mannheim",https://www.eversports.de/e/workshop/0fonSE4
Show Night ,Jan27Samstag,"ab 10,00 €",1 Einheit,POLE HEROES,"Karl-Zucker-Straße 7-9, 91052 Erlangen",https://www.eversports.de/e/workshop/6blRZdc
Aerial Silks ,Feb09bis Feb 16,"ab 50,00 €",2 Einheiten,POLE HEROES,"Karl-Zucker-Straße 7-9, 91052 Erlangen",https://www.eversports.de/e/workshop/qyrtCxT
Aerial Silks ,Feb09bis Feb 16,"ab 50,00 €",2 Einheiten,POLE HEROES,"Karl-Zucker-Straße 7-9, 91052 Erlangen",https://www.eversports.de/e/workshop/XbedbNM
Aerial Hoop 1,März07bis März 28,"ab 90,00 €",4 Einheiten,POLE HEROES,"Karl-Zucker-Straße 7-9, 91052 Erlangen",https://www.eversports.de/e/workshop/_cVfx28
Aerial Hoop 2,März07bis März 28,"ab 105,00 €",4 Einheiten,POLE HEROES,"Karl-Zucker-Straße 7-9, 91052 Erlangen",https://www.eversports.de/e/workshop/vPqMS0U
Poledance Anfänger Workshop - 4 Wochen,Jan05bis Jan 26,"ab 69,00 €",4 Einheiten,PoleRoom Braunschweig,"Büchnerstraße 10, 38118 Braunschweig",https://www.eversports.de/e/workshop/TxFNxWf
Poledance Einsteiger Workshop - 4 Wochen,Jan08bis Jan 29,Ausgebucht,4 Einheiten,PoleRoom Braunschweig,"Büchnerstraße 10, 38118 Braunschweig",https://www.eversports.de/e/workshop/ITccdPW
Aerial Hoop Einsteiger Workshop,Jan30bis Feb 20,"ab 69,00 €",4 Einheiten,PoleRoom Braunschweig,"Büchnerstraße 10, 38118 Braunschweig",https://www.eversports.de/e/workshop/5FIBkpe
Poledance Einsteiger Workshop - Neujahrs Special ,Feb05bis Feb 26,Ausgebucht,4 Einheiten,PoleRoom Braunschweig,"Büchnerstraße 10, 38118 Braunschweig",https://www.eversports.de/e/workshop/GB5CNr0
Aerial Hoop Double - Workshop,März03Sonntag,"ab 39,00 €",1 Einheit,PoleRoom Braunschweig,"Büchnerstraße 10, 38118 Braunschweig",https://www.eversports.de/e/workshop/1pzXUtZ
Poledance Einsteiger Workshop,März04bis März 25,"ab 69,00 €",4 Einheiten,PoleRoom Braunschweig,"Büchnerstraße 10, 38118 Braunschweig",https://www.eversports.de/e/workshop/fx6DrZ8
Lap Dance - Get Closer! in Quierschied,Feb04Sonntag,"ab 45,00 €",1 Einheit,Aerial Art Poledance,"Holzer Straße 98, 66287 Quierschied",https://www.eversports.de/e/workshop/1pLUOJO
VALENTIN´S SPECIAL ,Feb03bis Feb 04,"ab 30,00 €",4 Einheiten,The Pole Lounge,"Goethestraße 6b, 39108 Magdeburg",https://www.eversports.de/e/workshop/QD21QTN
Dineke Minten - Fonji Fiesta,März16Samstag,"ab 70,00 €",1 Einheit,Pole Oase,"Kleine Grabenstraße 1, 65385 Rüdesheim am Rhein",https://www.eversports.de/e/workshop/9cNbxVS
Dineke Minten - Fierce Lioness,März16Samstag,"ab 70,00 €",1 Einheit,Pole Oase,"Kleine Grabenstraße 1, 65385 Rüdesheim am Rhein",https://www.eversports.de/e/workshop/FkutCDr
Dineke Minten - Tricks and Flips,März16Samstag,"ab 70,00 €",1 Einheit,Pole Oase,"Kleine Grabenstraße 1, 65385 Rüdesheim am Rhein",https://www.eversports.de/e/workshop/qzt25WB
Julias Static Transitions,Jan28Sonntag,"ab 25,00 €",1 Einheit,Pura Studio,"Schaufenberger Straße 61, 52477 Alsdorf",https://www.eversports.de/e/workshop/4v8G7Xw
Life is better upside down /Handstand,Feb04Sonntag,"ab 25,00 €",1 Einheit,Pura Studio,"Schaufenberger Straße 61, 52477 Alsdorf",https://www.eversports.de/e/workshop/Gc0_BuG
Valentines Acro Yoga,Feb14Mittwoch,"ab 39,00 €",1 Einheit,Pura Studio,"Schaufenberger Straße 61, 52477 Alsdorf",https://www.eversports.de/e/workshop/BItjT7x
Valentines Poledouble,Feb14Mittwoch,"ab 39,00 €",1 Einheit,Pura Studio,"Schaufenberger Straße 61, 52477 Alsdorf",https://www.eversports.de/e/workshop/7N6VOLN
Valentines Chair Lapdance,Feb14Mittwoch,"ab 39,00 €",1 Einheit,Pura Studio,"Schaufenberger Straße 61, 52477 Alsdorf",https://www.eversports.de/e/workshop/fIWcXIY
Let´s get Flip,Feb25Sonntag,"ab 25,00 €",1 Einheit,Pura Studio,"Schaufenberger Straße 61, 52477 Alsdorf",https://www.eversports.de/e/workshop/aaXFGLh
Pole Flow | ab Level 2 | Workshop ,Feb18Sonntag,"ab 35,00 €",1 Einheit,Pure Motion Kiel,"Eichkamp 1-5, 24116 Kiel",https://www.eversports.de/e/workshop/Z1qnkVh
STRONG Nation Block,Jan13bis Feb 03,"ab 35,00 €",4 Einheiten,Ramonas Tanzschmiede,"Ückendorfer Straße 121, 45886 Gelsenkirchen",https://www.eversports.de/e/workshop/qpLF3tB
Jazz Funk Workshop,Feb10Samstag,"ab 15,00 €",1 Einheit,Ramonas Tanzschmiede,"Ückendorfer Straße 121, 45886 Gelsenkirchen",https://www.eversports.de/e/workshop/NUbP_o2
Dancehall Workshop,Feb25Sonntag,"ab 15,00 €",1 Einheit,Ramonas Tanzschmiede,"Ückendorfer Straße 121, 45886 Gelsenkirchen",https://www.eversports.de/e/workshop/h6T780l
Kids Contemporary Workshop,März09Samstag,"ab 15,00 €",1 Einheit,Ramonas Tanzschmiede,"Ückendorfer Straße 121, 45886 Gelsenkirchen",https://www.eversports.de/e/workshop/HZmJGaW
Partner Akrobatik,Dez12bis Apr 16,"ab 30,00 €",3 Einheiten,Pole Land,"Kölner Straße 336a, 40227 Düsseldorf",https://www.eversports.de/e/workshop/ezegoNQ
Partner Akrobatik ,Jan28Sonntag,"ab 30,00 €",1 Einheit,Pole Land,"Kölner Straße 336a, 40227 Düsseldorf",https://www.eversports.de/e/workshop/mFEme0g
Pole mit Lea,Feb18bis Feb 18,"ab 35,00 €",2 Einheiten,Pole Land,"Kölner Straße 336a, 40227 Düsseldorf",https://www.eversports.de/e/workshop/S8noX1Z
Spinning an der Static,März10Sonntag,"ab 25,00 €",1 Einheit,Pole Land,"Kölner Straße 336a, 40227 Düsseldorf",https://www.eversports.de/e/workshop/SqEYfO3
Favourit Pole Combos and Splitz,Apr20bis Apr 20,"ab 79,00 €",2 Einheiten,Pole Land,"Kölner Straße 336a, 40227 Düsseldorf",https://www.eversports.de/e/workshop/OGUBUS8
Pole Choreo,Apr21Sonntag,"ab 35,00 €",1 Einheit,Pole Land,"Kölner Straße 336a, 40227 Düsseldorf",https://www.eversports.de/e/workshop/VVXdiD8
TAoP Camp - Dineke Minten - Acrobatics & Dynamics - Signature Tricks - ab int.,Feb03Samstag,"ab 70,00 €",1 Einheit,Poledancestar,"Gabelsbergerstraße 1, 04317 Leipzig",https://www.eversports.de/e/workshop/K-hife3
TAoP Camp - Sebastian  - Tanzchoreografie Basic Flow - alle Level,Feb03Samstag,"ab 35,00 €",1 Einheit,Poledancestar,"Gabelsbergerstraße 1, 04317 Leipzig",https://www.eversports.de/e/workshop/xaEtNcz
TAoP Camp -Dineke Minten - Handstand Madness - all Level,Feb03Samstag,"ab 70,00 €",1 Einheit,Poledancestar,"Gabelsbergerstraße 1, 04317 Leipzig",https://www.eversports.de/e/workshop/wiYgBoM
TAoP Camp - Sebastian  - Tanzchoreografie Basic Flow - alle Level,Feb03Samstag,"ab 35,00 €",1 Einheit,Poledancestar,"Gabelsbergerstraße 1, 04317 Leipzig",https://www.eversports.de/e/workshop/6-MAo7Z
TAoP Camp - Evgeny Greshilov - Pole Shapes beg/int,Feb03Samstag,"ab 70,00 €",1 Einheit,Poledancestar,"Gabelsbergerstraße 1, 04317 Leipzig",https://www.eversports.de/e/workshop/GVnc2YT
"TAoP Camp - Frank Roser (Breathworkway) - Atemsession ""Emotionen""",Feb03Samstag,Ausgebucht,1 Einheit,Poledancestar,"Gabelsbergerstraße 1, 04317 Leipzig",https://www.eversports.de/e/workshop/Une0T_w
TAoP Camp - Evgeny Greshilov - Pole Shapes int/adv,Feb03Samstag,"ab 70,00 €",1 Einheit,Poledancestar,"Gabelsbergerstraße 1, 04317 Leipzig",https://www.eversports.de/e/workshop/59slMW0
TAoP Camp - Frank Roser (Breathworkway) - Die Kraft des Atmens,Feb03Samstag,"ab 35,00 €",1 Einheit,Poledancestar,"Gabelsbergerstraße 1, 04317 Leipzig",https://www.eversports.de/e/workshop/FWyv3gp
TAoP Camp - Dineke Minten - Tricks & Flips - Ultra Style - beg/int,Feb04Sonntag,"ab 70,00 €",1 Einheit,Poledancestar,"Gabelsbergerstraße 1, 04317 Leipzig",https://www.eversports.de/e/workshop/gdRuiO9
"TAoP Camp - Frank Roser (Breathworkway) - Atemsession ""Ziele und Visionen""",Feb04Sonntag,"ab 35,00 €",1 Einheit,Poledancestar,"Gabelsbergerstraße 1, 04317 Leipzig",https://www.eversports.de/e/workshop/edFh1ih
TAoP Camp - Dineke Minten - I've got the Power - all Level,Feb04Sonntag,"ab 70,00 €",1 Einheit,Poledancestar,"Gabelsbergerstraße 1, 04317 Leipzig",https://www.eversports.de/e/workshop/l467buh
TAoP Camp - Evgeny Greshilov - Tricks & Transitions - ab int,Feb04Sonntag,"ab 70,00 €",1 Einheit,Poledancestar,"Gabelsbergerstraße 1, 04317 Leipzig",https://www.eversports.de/e/workshop/fvmjDvJ
TAoP Camp - Dineke Minten - Bringing Flexy Back - all Level,Feb04Sonntag,"ab 70,00 €",1 Einheit,Poledancestar,"Gabelsbergerstraße 1, 04317 Leipzig",https://www.eversports.de/e/workshop/_YEPqgy
TAoP Camp - Evgeny Greshilov - Poleochraphy - all Level,Feb04Sonntag,Ausgebucht,1 Einheit,Poledancestar,"Gabelsbergerstraße 1, 04317 Leipzig",https://www.eversports.de/e/workshop/J71eKxz
Aerial Hoop Fortgeschritten,Jan05bis Feb 02,"ab 68,00 €",5 Einheiten,Pole Plus,"Ulmer Straße 152, 86156 Augsburg",https://www.eversports.de/e/workshop/NHtp6Mw
Flexibility Workshop,Jan08bis Jan 29,"ab 48,00 €",4 Einheiten,Pole Plus,"Ulmer Straße 152, 86156 Augsburg",https://www.eversports.de/e/workshop/CRl1muH
Aerial Hoop Beginner,Feb09bis März 08,"ab 68,00 €",5 Einheiten,Pole Plus,"Ulmer Straße 152, 86156 Augsburg",https://www.eversports.de/e/workshop/upSDQIA
Lapdance Valentine's Special ,Feb17Samstag,Ausgebucht,1 Einheit,PoleCreation,"Immenstädter Straße 11, 87435 Kempten (Allgäu)",https://www.eversports.de/e/workshop/bmZxua4
Lapdance Valentine's Special ,Feb17Samstag,Ausgebucht,1 Einheit,PoleCreation,"Immenstädter Straße 11, 87435 Kempten (Allgäu)",https://www.eversports.de/e/workshop/qcRMhzd
Lapdance Valentine's Special,Feb24Samstag,Ausgebucht,1 Einheit,PoleCreation,"Immenstädter Straße 11, 87435 Kempten (Allgäu)",https://www.eversports.de/e/workshop/Zj0NETg
Dive Deep Yin & Healing Touch Workshop,Feb18Sonntag,"ab 45,00 €",1 Einheit,YOGA at Lobe Block,"Böttgerstraße 16, 13357 Berlin",https://www.eversports.de/e/workshop/vmr79nD
Jump Back Jump Through Foundations of Ashtanga Yoga with Melina & Alex,März02Samstag,"ab 38,00 €",1 Einheit,YOGA at Lobe Block,"Böttgerstraße 16, 13357 Berlin",https://www.eversports.de/e/workshop/5WFQ4Sn
CHAIR Dance mit POLE Dance,Jan28Sonntag,Ausgebucht,1 Einheit,Pole Dance Krefeld,"Hochfelder Straße 47, 47809 Krefeld",https://www.eversports.de/e/workshop/AKLhjkw
★SASHA MEOW★ Exotic Pole Flow Choreo Beginner,Feb03Samstag,Ausgebucht,1 Einheit,Pole Dance Krefeld,"Hochfelder Straße 47, 47809 Krefeld",https://www.eversports.de/e/workshop/-EpTuWT
★SASHA MEOW★ Exotic Pole Tricks & Combos | All Level,Feb03Samstag,Ausgebucht,1 Einheit,Pole Dance Krefeld,"Hochfelder Straße 47, 47809 Krefeld",https://www.eversports.de/e/workshop/hFi4nNH
★SASHA MEOW★ Exotic Pole Flow Choreo Intermediate,Feb03Samstag,Ausgebucht,1 Einheit,Pole Dance Krefeld,"Hochfelder Straße 47, 47809 Krefeld",https://www.eversports.de/e/workshop/T5e_9Bp
Lap Dance & Striptease | Valentines Special,Feb11Sonntag,"ab 35,00 €",1 Einheit,Pole Dance Krefeld,"Hochfelder Straße 47, 47809 Krefeld",https://www.eversports.de/e/workshop/WkTS9HS
Exotic Pole Dance | Beginner,März24Sonntag,"ab 35,00 €",1 Einheit,Pole Dance Krefeld,"Hochfelder Straße 47, 47809 Krefeld",https://www.eversports.de/e/workshop/_LQRruK
Seductive Sunday  - Floorwork ,Feb25Sonntag,Ausgebucht,1 Einheit,Da Becca Flow and Fit,"Eickeler Markt 3A, 44651 Herne",https://www.eversports.de/e/workshop/2z_srY0
Seductive Sunday  - Pole ,Feb25Sonntag,Ausgebucht,1 Einheit,Da Becca Flow and Fit,"Eickeler Markt 3A, 44651 Herne",https://www.eversports.de/e/workshop/o5_MV7J
Rock the Pole. A Trilogie. ,März09bis März 30,"ab 49,00 €",3 Einheiten,Da Becca Flow and Fit,"Eickeler Markt 3A, 44651 Herne",https://www.eversports.de/e/workshop/0u01Mza
Lapdance. A Trilogie. ,März09bis März 30,"ab 49,00 €",3 Einheiten,Da Becca Flow and Fit,"Eickeler Markt 3A, 44651 Herne",https://www.eversports.de/e/workshop/DBxar8u
Endless Spins mit lea,März16Samstag,Ausgebucht,1 Einheit,Da Becca Flow and Fit,"Eickeler Markt 3A, 44651 Herne",https://www.eversports.de/e/workshop/GlPG304
"Heels ""What its worth"" mit Lea",März16Samstag,Ausgebucht,1 Einheit,Da Becca Flow and Fit,"Eickeler Markt 3A, 44651 Herne",https://www.eversports.de/e/workshop/wj20M8W
Seductive Sunday  - Pole ,März24Sonntag,"ab 25,00 €",1 Einheit,Da Becca Flow and Fit,"Eickeler Markt 3A, 44651 Herne",https://www.eversports.de/e/workshop/113IYbR
Seductive Chairdance ,März24Sonntag,Ausgebucht,1 Einheit,Da Becca Flow and Fit,"Eickeler Markt 3A, 44651 Herne",https://www.eversports.de/e/workshop/vyTj8JR
Rock the Pole mit Emmy ,Apr07Sonntag,Ausgebucht,1 Einheit,Da Becca Flow and Fit,"Eickeler Markt 3A, 44651 Herne",https://www.eversports.de/e/workshop/GMeuKSV
Rock the Chair mit Emmy ,Apr07Sonntag,"ab 34,00 €",1 Einheit,Da Becca Flow and Fit,"Eickeler Markt 3A, 44651 Herne",https://www.eversports.de/e/workshop/461op6s
Rock the Floor mit Emmy ,Apr07Sonntag,"ab 34,00 €",1 Einheit,Da Becca Flow and Fit,"Eickeler Markt 3A, 44651 Herne",https://www.eversports.de/e/workshop/NrFmto0
Get your Shoulderstand - Floorworktechnik mit Becca,Apr28Sonntag,"ab 25,00 €",1 Einheit,Da Becca Flow and Fit,"Eickeler Markt 3A, 44651 Herne",https://www.eversports.de/e/workshop/km4K7Yv
"""Fummeln für Fortgeschrittene"" Pole choreo mit Jannah",Mai26Sonntag,Ausgebucht,1 Einheit,Da Becca Flow and Fit,"Eickeler Markt 3A, 44651 Herne",https://www.eversports.de/e/workshop/B2Sz3mv
"""Fummeln für Fortgeschrittene""  Chairdance Choreo mit Jannah",Mai26Sonntag,"ab 34,00 €",1 Einheit,Da Becca Flow and Fit,"Eickeler Markt 3A, 44651 Herne",https://www.eversports.de/e/workshop/HhyMbSA
"""Fummeln für Fortgeschrittene"" Floorwork Choreo mit Jannah",Mai26Sonntag,"ab 34,00 €",1 Einheit,Da Becca Flow and Fit,"Eickeler Markt 3A, 44651 Herne",https://www.eversports.de/e/workshop/WBlAegH
Spagat,Feb05bis Feb 26,Ausgebucht,4 Einheiten,Luftbonbon,"Königstraße 45, 32547 Bad Oeynhausen",https://www.eversports.de/e/workshop/60kU5cU
SPAGAT I Intensiv,Jan28Sonntag,"ab 35,00 €",1 Einheit,BALANCE Neumarkt,"Deininger Weg 94, 92318 Neumarkt in der Oberpfalz",https://www.eversports.de/e/workshop/lxu9gbp
POLE SPLITS ,Jan28Sonntag,"ab 35,00 €",1 Einheit,BALANCE Neumarkt,"Deininger Weg 94, 92318 Neumarkt in der Oberpfalz",https://www.eversports.de/e/workshop/CRjs8aS
INVERSIONS I mit dem FeetUp Trainer,Jan28Sonntag,"ab 35,00 €",1 Einheit,BALANCE Neumarkt,"Deininger Weg 94, 92318 Neumarkt in der Oberpfalz",https://www.eversports.de/e/workshop/HlGXT-6
POLE DANCE I Probestunde,Feb03Samstag,"ab 10,00 €",1 Einheit,BALANCE Neumarkt,"Deininger Weg 94, 92318 Neumarkt in der Oberpfalz",https://www.eversports.de/e/workshop/9j7N418
POLE INVERTS I Get up side down,Feb04Sonntag,"ab 35,00 €",1 Einheit,BALANCE Neumarkt,"Deininger Weg 94, 92318 Neumarkt in der Oberpfalz",https://www.eversports.de/e/workshop/AL0d8uV
AERIAL FUN I 8-12 Jahre ,Feb15Donnerstag,"ab 9,00 €",1 Einheit,BALANCE Neumarkt,"Deininger Weg 94, 92318 Neumarkt in der Oberpfalz",https://www.eversports.de/e/workshop/OWKdsKA
DANCE Kids I 4-5 Jahre ,Feb16Freitag,"ab 5,00 €",1 Einheit,BALANCE Neumarkt,"Deininger Weg 94, 92318 Neumarkt in der Oberpfalz",https://www.eversports.de/e/workshop/qtwNW3p
DANCE FUN I 6-8 Jahre ,Feb16Freitag,"ab 5,00 €",1 Einheit,BALANCE Neumarkt,"Deininger Weg 94, 92318 Neumarkt in der Oberpfalz",https://www.eversports.de/e/workshop/-lRCjR7
POLE DANCE Tricks & Spins I Level 4,Feb18Sonntag,"ab 35,00 €",1 Einheit,BALANCE Neumarkt,"Deininger Weg 94, 92318 Neumarkt in der Oberpfalz",https://www.eversports.de/e/workshop/DmdrEre
AERIAL HOOP I Level 1/2,Feb18Sonntag,"ab 35,00 €",1 Einheit,BALANCE Neumarkt,"Deininger Weg 94, 92318 Neumarkt in der Oberpfalz",https://www.eversports.de/e/workshop/vnjpjso
HANDSTAND Vorbereitung,Feb25Sonntag,"ab 35,00 €",1 Einheit,BALANCE Neumarkt,"Deininger Weg 94, 92318 Neumarkt in der Oberpfalz",https://www.eversports.de/e/workshop/s-CvYfY
RÜCKBEUGE I Intensiv,Feb25Sonntag,"ab 35,00 €",1 Einheit,BALANCE Neumarkt,"Deininger Weg 94, 92318 Neumarkt in der Oberpfalz",https://www.eversports.de/e/workshop/lIzIIH9
HANDSTAND Vorbereitung I Teil 2,März03Sonntag,"ab 35,00 €",1 Einheit,BALANCE Neumarkt,"Deininger Weg 94, 92318 Neumarkt in der Oberpfalz",https://www.eversports.de/e/workshop/1hwRppH
ACRO YOGA ,März03Sonntag,"ab 35,00 €",1 Einheit,BALANCE Neumarkt,"Deininger Weg 94, 92318 Neumarkt in der Oberpfalz",https://www.eversports.de/e/workshop/FWO9nVb
POLE STAR I Easy but Beautiful I Julia Pengler ,März10Sonntag,"ab 45,00 €",1 Einheit,BALANCE Neumarkt,"Deininger Weg 94, 92318 Neumarkt in der Oberpfalz",https://www.eversports.de/e/workshop/wHwtdS-
POLE STAR I Static Low Flow I Julia Pengler ,März10Sonntag,"ab 45,00 €",1 Einheit,BALANCE Neumarkt,"Deininger Weg 94, 92318 Neumarkt in der Oberpfalz",https://www.eversports.de/e/workshop/D7_g8hU
 POLE STAR I My favorite Tricks & Combos I Julia Pengler ,März10Sonntag,"ab 45,00 €",1 Einheit,BALANCE Neumarkt,"Deininger Weg 94, 92318 Neumarkt in der Oberpfalz",https://www.eversports.de/e/workshop/yXJE2Qf
AERIAL FUN I 8-12 Jahre ,März28Donnerstag,"ab 9,00 €",1 Einheit,BALANCE Neumarkt,"Deininger Weg 94, 92318 Neumarkt in der Oberpfalz",https://www.eversports.de/e/workshop/WpCq6MN
DANCE Kids I 4-5 Jahre ,Apr03Mittwoch,"ab 5,00 €",1 Einheit,BALANCE Neumarkt,"Deininger Weg 94, 92318 Neumarkt in der Oberpfalz",https://www.eversports.de/e/workshop/uE03gmT
DANCE FUN I 6-8 Jahre ,Apr03Mittwoch,"ab 5,00 €",1 Einheit,BALANCE Neumarkt,"Deininger Weg 94, 92318 Neumarkt in der Oberpfalz",https://www.eversports.de/e/workshop/Nm33K4u
THAI YOGA MASSAGE ,Apr14Sonntag,"ab 35,00 €",1 Einheit,BALANCE Neumarkt,"Deininger Weg 94, 92318 Neumarkt in der Oberpfalz",https://www.eversports.de/e/workshop/U27XEmo
AERIAL HOOP I Probestunde,Apr14Sonntag,"ab 10,00 €",1 Einheit,BALANCE Neumarkt,"Deininger Weg 94, 92318 Neumarkt in der Oberpfalz",https://www.eversports.de/e/workshop/DujyYDr
Stretching & Flexy-Pole-Shapes Workshop,Jan26Freitag,"ab 39,00 €",1 Einheit,Pole Acrobatics,"Geislinger Straße 2, 73326 Deggingen",https://www.eversports.de/e/workshop/GsCxPN0
Fotoshooting Vorbereitung,Feb19Montag,"ab 29,00 €",1 Einheit,Pole Acrobatics,"Geislinger Straße 2, 73326 Deggingen",https://www.eversports.de/e/workshop/-wGhAaJ
Workshop Polehandstands Open Level,Jan28Sonntag,"ab 30,00 €",1 Einheit,A heart for poledance,"Nußbaumer Straße 6, 51469 Bergisch Gladbach",https://www.eversports.de/e/workshop/AleLN6N
Workshop Double-Acroyoga Open Level,Feb25Sonntag,"ab 30,00 €",1 Einheit,A heart for poledance,"Nußbaumer Straße 6, 51469 Bergisch Gladbach",https://www.eversports.de/e/workshop/5VJvMXI
Twerk Workshop,Apr28Sonntag,"ab 35,00 €",1 Einheit,A heart for poledance,"Nußbaumer Straße 6, 51469 Bergisch Gladbach",https://www.eversports.de/e/workshop/jQOaOC3
Strip Workshop,Apr28Sonntag,"ab 35,00 €",1 Einheit,A heart for poledance,"Nußbaumer Straße 6, 51469 Bergisch Gladbach",https://www.eversports.de/e/workshop/H4Qz_fT
Twerk Workshop ,Juni02Sonntag,"ab 35,00 €",1 Einheit,A heart for poledance,"Nußbaumer Straße 6, 51469 Bergisch Gladbach",https://www.eversports.de/e/workshop/nOac6zt
Strip Workshop,Juni02Sonntag,"ab 35,00 €",1 Einheit,A heart for poledance,"Nußbaumer Straße 6, 51469 Bergisch Gladbach",https://www.eversports.de/e/workshop/yMiXoIi
Rock Hard Style High Heels Pole Workshop,Feb04Sonntag,"ab 35,00 €",1 Einheit,poda Studio,"10-12 Martinstraße Innenhof, 52062 Aachen",https://www.eversports.de/e/workshop/LAHNDF-
*Shake that* Twerk Workshop,Feb25Sonntag,"ab 35,00 €",1 Einheit,poda Studio,"10-12 Martinstraße Innenhof, 52062 Aachen",https://www.eversports.de/e/workshop/JM68hgK
Hip Hop Pole Choreo Workshop,März16Samstag,"ab 35,00 €",1 Einheit,poda Studio,"10-12 Martinstraße Innenhof, 52062 Aachen",https://www.eversports.de/e/workshop/2f93D4_
Sexy Floorwork Workshop,März17Sonntag,"ab 35,00 €",1 Einheit,poda Studio,"10-12 Martinstraße Innenhof, 52062 Aachen",https://www.eversports.de/e/workshop/9PbaXsNu8
Einsteiger-Workshop,Jan27Samstag,"ab 30,00 €",1 Einheit,Star Poledance,"Rudolf-Diesel-Straße 6, 53919 Weilerswist",https://www.eversports.de/e/workshop/Z8xiHKr
Acro Yoga Workshop,Jan27bis Feb 10,"ab 0,00 €",2 Einheiten,Polefriends Halle,"36-38 Leipziger Straße -, 06108 Halle (Saale)",https://www.eversports.de/e/workshop/NMiVGZD
Better Back Bending,Jan28Sonntag,"ab 40,00 €",1 Einheit,Polearize,"Rottstraße 6, 44793 Bochum",https://www.eversports.de/e/workshop/1m_jLPa
Aerial Hoop Choreo Teil 2,Feb04Sonntag,"ab 40,00 €",1 Einheit,Polearize,"Rottstraße 6, 44793 Bochum",https://www.eversports.de/e/workshop/5N9aoto
Be my Valentine - Sexy Chairdance,Feb10Samstag,Ausgebucht,1 Einheit,Polearize,"Rottstraße 6, 44793 Bochum",https://www.eversports.de/e/workshop/7QwFsx3
Grundkurs Yoga,Jan29bis März 11,"ab 130,00 €",7 Einheiten,Niyaha Yoga Susann Kind,"Nachtigallenstraße 13, 98617 Meiningen",https://www.eversports.de/e/workshop/u0m4PpJ
HIER-SEIN,Jan30bis Feb 27,"ab 85,00 €",5 Einheiten,Niyaha Yoga Susann Kind,"Nachtigallenstraße 13, 98617 Meiningen",https://www.eversports.de/e/workshop/Qph3Nhi
Beyond Boundaries – Sei du selbst,Feb17Samstag,"ab 35,00 €",1 Einheit,Niyaha Yoga Susann Kind,"Nachtigallenstraße 13, 98617 Meiningen",https://www.eversports.de/e/workshop/cnaEonv
"KLANGBAD & GESANG - ""geerdetes Fliegen""",Feb18Sonntag,"ab 30,00 €",1 Einheit,Niyaha Yoga Susann Kind,"Nachtigallenstraße 13, 98617 Meiningen",https://www.eversports.de/e/workshop/VVUAlSC
Fummeln für Fortgeschrittene,März09bis März 09,"ab 39,00 €",3 Einheiten,körpernah,"Ahsener Straße 130, 45711 Datteln",https://www.eversports.de/e/workshop/MfhCem5
WORKSHOP- Improve Your Invert Skills,Feb24Samstag,"ab 39,00 €",1 Einheit,Body meets Soul Leipzig,"Gabelsbergerstraße 1a, 04317 Leipzig",https://www.eversports.de/e/workshop/uO9N1VQ
Partner Akrobatik Workshop,Feb04Sonntag,"ab 30,00 €",1 Einheit,Pole Paradise,"Ravensburger Straße 110-112, 50739 Köln",https://www.eversports.de/e/workshop/1zI8wYx
Exotic Valentins Choreo,Feb17Samstag,"ab 30,00 €",1 Einheit,Pole Paradise,"Ravensburger Straße 110-112, 50739 Köln",https://www.eversports.de/e/workshop/NLk1782
Spagat,Feb05bis Feb 26,Ausgebucht,4 Einheiten,Luftbonbon,"Königstraße 45, 32547 Bad Oeynhausen",https://www.eversports.de/e/workshop/60kU5cU
Lap Dance Workshop Valentins Edition ,Feb09Freitag,"ab 30,00 €",1 Einheit,Glow Sports Club,"Industriepark 201, 78244 Gottmadingen",https://www.eversports.de/e/workshop/n1eG1oH
Dineke Minten - Fonji Fiesta,März16Samstag,"ab 70,00 €",1 Einheit,Pole Oase,"Kleine Grabenstraße 1, 65385 Rüdesheim am Rhein",https://www.eversports.de/e/workshop/9cNbxVS
Dineke Minten - Fierce Lioness,März16Samstag,"ab 70,00 €",1 Einheit,Pole Oase,"Kleine Grabenstraße 1, 65385 Rüdesheim am Rhein",https://www.eversports.de/e/workshop/FkutCDr
Dineke Minten - Tricks and Flips,März16Samstag,"ab 70,00 €",1 Einheit,Pole Oase,"Kleine Grabenstraße 1, 65385 Rüdesheim am Rhein",https://www.eversports.de/e/workshop/qzt25WB
Seductive Sunday  - Floorwork ,Feb25Sonntag,Ausgebucht,1 Einheit,Da Becca Flow and Fit,"Eickeler Markt 3A, 44651 Herne",https://www.eversports.de/e/workshop/2z_srY0
Seductive Sunday  - Pole ,Feb25Sonntag,Ausgebucht,1 Einheit,Da Becca Flow and Fit,"Eickeler Markt 3A, 44651 Herne",https://www.eversports.de/e/workshop/o5_MV7J
Rock the Pole. A Trilogie. ,März09bis März 30,"ab 49,00 €",3 Einheiten,Da Becca Flow and Fit,"Eickeler Markt 3A, 44651 Herne",https://www.eversports.de/e/workshop/0u01Mza
Lapdance. A Trilogie. ,März09bis März 30,"ab 49,00 €",3 Einheiten,Da Becca Flow and Fit,"Eickeler Markt 3A, 44651 Herne",https://www.eversports.de/e/workshop/DBxar8u
Endless Spins mit lea,März16Samstag,Ausgebucht,1 Einheit,Da Becca Flow and Fit,"Eickeler Markt 3A, 44651 Herne",https://www.eversports.de/e/workshop/GlPG304
"Heels ""What its worth"" mit Lea",März16Samstag,Ausgebucht,1 Einheit,Da Becca Flow and Fit,"Eickeler Markt 3A, 44651 Herne",https://www.eversports.de/e/workshop/wj20M8W
Seductive Sunday  - Pole ,März24Sonntag,"ab 25,00 €",1 Einheit,Da Becca Flow and Fit,"Eickeler Markt 3A, 44651 Herne",https://www.eversports.de/e/workshop/113IYbR
Seductive Chairdance ,März24Sonntag,Ausgebucht,1 Einheit,Da Becca Flow and Fit,"Eickeler Markt 3A, 44651 Herne",https://www.eversports.de/e/workshop/vyTj8JR
Rock the Pole mit Emmy ,Apr07Sonntag,Ausgebucht,1 Einheit,Da Becca Flow and Fit,"Eickeler Markt 3A, 44651 Herne",https://www.eversports.de/e/workshop/GMeuKSV
Rock the Chair mit Emmy ,Apr07Sonntag,"ab 34,00 €",1 Einheit,Da Becca Flow and Fit,"Eickeler Markt 3A, 44651 Herne",https://www.eversports.de/e/workshop/461op6s
Rock the Floor mit Emmy ,Apr07Sonntag,"ab 34,00 €",1 Einheit,Da Becca Flow and Fit,"Eickeler Markt 3A, 44651 Herne",https://www.eversports.de/e/workshop/NrFmto0
Get your Shoulderstand - Floorworktechnik mit Becca,Apr28Sonntag,"ab 25,00 €",1 Einheit,Da Becca Flow and Fit,"Eickeler Markt 3A, 44651 Herne",https://www.eversports.de/e/workshop/km4K7Yv
"""Fummeln für Fortgeschrittene"" Pole choreo mit Jannah",Mai26Sonntag,Ausgebucht,1 Einheit,Da Becca Flow and Fit,"Eickeler Markt 3A, 44651 Herne",https://www.eversports.de/e/workshop/B2Sz3mv
"""Fummeln für Fortgeschrittene""  Chairdance Choreo mit Jannah",Mai26Sonntag,"ab 34,00 €",1 Einheit,Da Becca Flow and Fit,"Eickeler Markt 3A, 44651 Herne",https://www.eversports.de/e/workshop/HhyMbSA
"""Fummeln für Fortgeschrittene"" Floorwork Choreo mit Jannah",Mai26Sonntag,"ab 34,00 €",1 Einheit,Da Becca Flow and Fit,"Eickeler Markt 3A, 44651 Herne",https://www.eversports.de/e/workshop/WBlAegH
Aerial Hoop Fortgeschritten,Jan05bis Feb 02,"ab 68,00 €",5 Einheiten,Pole Plus,"Ulmer Straße 152, 86156 Augsburg",https://www.eversports.de/e/workshop/NHtp6Mw
Flexibility Workshop,Jan08bis Jan 29,"ab 48,00 €",4 Einheiten,Pole Plus,"Ulmer Straße 152, 86156 Augsburg",https://www.eversports.de/e/workshop/CRl1muH
Aerial Hoop Beginner,Feb09bis März 08,"ab 68,00 €",5 Einheiten,Pole Plus,"Ulmer Straße 152, 86156 Augsburg",https://www.eversports.de/e/workshop/upSDQIA
Julias Static Transitions,Jan28Sonntag,"ab 25,00 €",1 Einheit,Pura Studio,"Schaufenberger Straße 61, 52477 Alsdorf",https://www.eversports.de/e/workshop/4v8G7Xw
Life is better upside down /Handstand,Feb04Sonntag,"ab 25,00 €",1 Einheit,Pura Studio,"Schaufenberger Straße 61, 52477 Alsdorf",https://www.eversports.de/e/workshop/Gc0_BuG
Valentines Acro Yoga,Feb14Mittwoch,"ab 39,00 €",1 Einheit,Pura Studio,"Schaufenberger Straße 61, 52477 Alsdorf",https://www.eversports.de/e/workshop/BItjT7x
Valentines Poledouble,Feb14Mittwoch,"ab 39,00 €",1 Einheit,Pura Studio,"Schaufenberger Straße 61, 52477 Alsdorf",https://www.eversports.de/e/workshop/7N6VOLN
Valentines Chair Lapdance,Feb14Mittwoch,"ab 39,00 €",1 Einheit,Pura Studio,"Schaufenberger Straße 61, 52477 Alsdorf",https://www.eversports.de/e/workshop/fIWcXIY
Let´s get Flip,Feb25Sonntag,"ab 25,00 €",1 Einheit,Pura Studio,"Schaufenberger Straße 61, 52477 Alsdorf",https://www.eversports.de/e/workshop/aaXFGLh
Better Back Bending,Jan28Sonntag,"ab 40,00 €",1 Einheit,Polearize,"Rottstraße 6, 44793 Bochum",https://www.eversports.de/e/workshop/1m_jLPa
Aerial Hoop Choreo Teil 2,Feb04Sonntag,"ab 40,00 €",1 Einheit,Polearize,"Rottstraße 6, 44793 Bochum",https://www.eversports.de/e/workshop/5N9aoto
Be my Valentine - Sexy Chairdance,Feb10Samstag,Ausgebucht,1 Einheit,Polearize,"Rottstraße 6, 44793 Bochum",https://www.eversports.de/e/workshop/7QwFsx3
Twerkshop by Maddie,März02Samstag,"ab 27,00 €",1 Einheit,Aerial Loft,"Solitudestraße 48, 71638 Ludwigsburg",https://www.eversports.de/e/workshop/N4v8WV0
WORKSHOP: Chair Dance,März16Samstag,"ab 27,00 €",1 Einheit,Aerial Loft,"Solitudestraße 48, 71638 Ludwigsburg",https://www.eversports.de/e/workshop/onN7Doj
Lapdance Valentine's Special ,Feb17Samstag,Ausgebucht,1 Einheit,PoleCreation,"Immenstädter Straße 11, 87435 Kempten (Allgäu)",https://www.eversports.de/e/workshop/bmZxua4
Lapdance Valentine's Special ,Feb17Samstag,Ausgebucht,1 Einheit,PoleCreation,"Immenstädter Straße 11, 87435 Kempten (Allgäu)",https://www.eversports.de/e/workshop/qcRMhzd
Lapdance Valentine's Special,Feb24Samstag,Ausgebucht,1 Einheit,PoleCreation,"Immenstädter Straße 11, 87435 Kempten (Allgäu)",https://www.eversports.de/e/workshop/Zj0NETg
Twerk with Karina,Feb10Samstag,"ab 40,00 €",1 Einheit,Stadtgazellen Bremen,"Bremerhavener Straße 210, 28217 Bremen",https://www.eversports.de/e/workshop/YiU_KF8
Burlesque X Pole Art,Feb10Samstag,"ab 40,00 €",1 Einheit,Stadtgazellen Bremen,"Bremerhavener Straße 210, 28217 Bremen",https://www.eversports.de/e/workshop/Vnofur2
Flirty Double Silk,Feb10Samstag,"ab 40,00 €",1 Einheit,Stadtgazellen Bremen,"Bremerhavener Straße 210, 28217 Bremen",https://www.eversports.de/e/workshop/wFn4PaN
Heels Strip'n'Floor,Feb10Samstag,"ab 40,00 €",1 Einheit,Stadtgazellen Bremen,"Bremerhavener Straße 210, 28217 Bremen",https://www.eversports.de/e/workshop/6ZllXAZ
Lap Dance,Feb10Samstag,"ab 40,00 €",1 Einheit,Stadtgazellen Bremen,"Bremerhavener Straße 210, 28217 Bremen",https://www.eversports.de/e/workshop/7blW22y
Sweet Low Flow Pole,Feb10Samstag,"ab 40,00 €",1 Einheit,Stadtgazellen Bremen,"Bremerhavener Straße 210, 28217 Bremen",https://www.eversports.de/e/workshop/v4tYN09
Contemporary Workshop ,März09Samstag,"ab 50,00 €",1 Einheit,Stadtgazellen Bremen,"Bremerhavener Straße 210, 28217 Bremen",https://www.eversports.de/e/workshop/KWx3LyO
Pole Tricks & Transitions - Beginner Workshop ,März16Samstag,"ab 50,00 €",1 Einheit,Stadtgazellen Bremen,"Bremerhavener Straße 210, 28217 Bremen",https://www.eversports.de/e/workshop/WRl24o5
Regrips and flips in combos - Intermediate Workshop,März16Samstag,Ausgebucht,1 Einheit,Stadtgazellen Bremen,"Bremerhavener Straße 210, 28217 Bremen",https://www.eversports.de/e/workshop/wrZkEQ3
SPAGAT I Intensiv,Jan28Sonntag,"ab 35,00 €",1 Einheit,BALANCE Neumarkt,"Deininger Weg 94, 92318 Neumarkt in der Oberpfalz",https://www.eversports.de/e/workshop/lxu9gbp
POLE SPLITS ,Jan28Sonntag,"ab 35,00 €",1 Einheit,BALANCE Neumarkt,"Deininger Weg 94, 92318 Neumarkt in der Oberpfalz",https://www.eversports.de/e/workshop/CRjs8aS
INVERSIONS I mit dem FeetUp Trainer,Jan28Sonntag,"ab 35,00 €",1 Einheit,BALANCE Neumarkt,"Deininger Weg 94, 92318 Neumarkt in der Oberpfalz",https://www.eversports.de/e/workshop/HlGXT-6
POLE DANCE I Probestunde,Feb03Samstag,"ab 10,00 €",1 Einheit,BALANCE Neumarkt,"Deininger Weg 94, 92318 Neumarkt in der Oberpfalz",https://www.eversports.de/e/workshop/9j7N418
POLE INVERTS I Get up side down,Feb04Sonntag,"ab 35,00 €",1 Einheit,BALANCE Neumarkt,"Deininger Weg 94, 92318 Neumarkt in der Oberpfalz",https://www.eversports.de/e/workshop/AL0d8uV
AERIAL FUN I 8-12 Jahre ,Feb15Donnerstag,"ab 9,00 €",1 Einheit,BALANCE Neumarkt,"Deininger Weg 94, 92318 Neumarkt in der Oberpfalz",https://www.eversports.de/e/workshop/OWKdsKA
DANCE Kids I 4-5 Jahre ,Feb16Freitag,"ab 5,00 €",1 Einheit,BALANCE Neumarkt,"Deininger Weg 94, 92318 Neumarkt in der Oberpfalz",https://www.eversports.de/e/workshop/qtwNW3p
DANCE FUN I 6-8 Jahre ,Feb16Freitag,"ab 5,00 €",1 Einheit,BALANCE Neumarkt,"Deininger Weg 94, 92318 Neumarkt in der Oberpfalz",https://www.eversports.de/e/workshop/-lRCjR7
POLE DANCE Tricks & Spins I Level 4,Feb18Sonntag,"ab 35,00 €",1 Einheit,BALANCE Neumarkt,"Deininger Weg 94, 92318 Neumarkt in der Oberpfalz",https://www.eversports.de/e/workshop/DmdrEre
AERIAL HOOP I Level 1/2,Feb18Sonntag,"ab 35,00 €",1 Einheit,BALANCE Neumarkt,"Deininger Weg 94, 92318 Neumarkt in der Oberpfalz",https://www.eversports.de/e/workshop/vnjpjso
HANDSTAND Vorbereitung,Feb25Sonntag,"ab 35,00 €",1 Einheit,BALANCE Neumarkt,"Deininger Weg 94, 92318 Neumarkt in der Oberpfalz",https://www.eversports.de/e/workshop/s-CvYfY
RÜCKBEUGE I Intensiv,Feb25Sonntag,"ab 35,00 €",1 Einheit,BALANCE Neumarkt,"Deininger Weg 94, 92318 Neumarkt in der Oberpfalz",https://www.eversports.de/e/workshop/lIzIIH9
HANDSTAND Vorbereitung I Teil 2,März03Sonntag,"ab 35,00 €",1 Einheit,BALANCE Neumarkt,"Deininger Weg 94, 92318 Neumarkt in der Oberpfalz",https://www.eversports.de/e/workshop/1hwRppH
ACRO YOGA ,März03Sonntag,"ab 35,00 €",1 Einheit,BALANCE Neumarkt,"Deininger Weg 94, 92318 Neumarkt in der Oberpfalz",https://www.eversports.de/e/workshop/FWO9nVb
POLE STAR I Easy but Beautiful I Julia Pengler ,März10Sonntag,"ab 45,00 €",1 Einheit,BALANCE Neumarkt,"Deininger Weg 94, 92318 Neumarkt in der Oberpfalz",https://www.eversports.de/e/workshop/wHwtdS-
POLE STAR I Static Low Flow I Julia Pengler ,März10Sonntag,"ab 45,00 €",1 Einheit,BALANCE Neumarkt,"Deininger Weg 94, 92318 Neumarkt in der Oberpfalz",https://www.eversports.de/e/workshop/D7_g8hU
 POLE STAR I My favorite Tricks & Combos I Julia Pengler ,März10Sonntag,"ab 45,00 €",1 Einheit,BALANCE Neumarkt,"Deininger Weg 94, 92318 Neumarkt in der Oberpfalz",https://www.eversports.de/e/workshop/yXJE2Qf
AERIAL FUN I 8-12 Jahre ,März28Donnerstag,"ab 9,00 €",1 Einheit,BALANCE Neumarkt,"Deininger Weg 94, 92318 Neumarkt in der Oberpfalz",https://www.eversports.de/e/workshop/WpCq6MN
DANCE Kids I 4-5 Jahre ,Apr03Mittwoch,"ab 5,00 €",1 Einheit,BALANCE Neumarkt,"Deininger Weg 94, 92318 Neumarkt in der Oberpfalz",https://www.eversports.de/e/workshop/uE03gmT
DANCE FUN I 6-8 Jahre ,Apr03Mittwoch,"ab 5,00 €",1 Einheit,BALANCE Neumarkt,"Deininger Weg 94, 92318 Neumarkt in der Oberpfalz",https://www.eversports.de/e/workshop/Nm33K4u
THAI YOGA MASSAGE ,Apr14Sonntag,"ab 35,00 €",1 Einheit,BALANCE Neumarkt,"Deininger Weg 94, 92318 Neumarkt in der Oberpfalz",https://www.eversports.de/e/workshop/U27XEmo
AERIAL HOOP I Probestunde,Apr14Sonntag,"ab 10,00 €",1 Einheit,BALANCE Neumarkt,"Deininger Weg 94, 92318 Neumarkt in der Oberpfalz",https://www.eversports.de/e/workshop/DujyYDr
All About Forearmstand (4 Wochen Online Intensivkurs) ,Jan07bis Jan 28,Ausgebucht,4 Einheiten,Yoga and Pole Art by Selina,"Online *, World Wide",https://www.eversports.de/e/workshop/WN-XHxi
Spinning Pole Combos Intermediate Online Workshop,Feb11Sonntag,"ab 44,00 €",1 Einheit,Yoga and Pole Art by Selina,"Online *, World Wide",https://www.eversports.de/e/workshop/dhAWne_
Kopfstand Technik Online Workshop ,Feb24Samstag,"ab 44,00 €",1 Einheit,Yoga and Pole Art by Selina,"Online *, World Wide",https://www.eversports.de/e/workshop/p_eKWTW
Atemtechniken Online Workshop ,März09Samstag,"ab 44,00 €",1 Einheit,Yoga and Pole Art by Selina,"Online *, World Wide",https://www.eversports.de/e/workshop/1PmB24I
Split & Straddle Technik Online Workshop ,März22Freitag,"ab 44,00 €",1 Einheit,Yoga and Pole Art by Selina,"Online *, World Wide",https://www.eversports.de/e/workshop/Zk4neM3
Split on Pole (Intermediate) Online Workshop,März29Freitag,"ab 44,00 €",1 Einheit,Yoga and Pole Art by Selina,"Online *, World Wide",https://www.eversports.de/e/workshop/VnmCBGD
Yoga Rad Einsteiger Online Workshop ,Apr06Samstag,"ab 44,00 €",1 Einheit,Yoga and Pole Art by Selina,"Online *, World Wide",https://www.eversports.de/e/workshop/qdYG4WC
Competition Pole Tricks Intermediate & Advanced Level Online Workshop ,Apr12Freitag,"ab 44,00 €",1 Einheit,Yoga and Pole Art by Selina,"Online *, World Wide",https://www.eversports.de/e/workshop/M4MjCdo
Spinning Pole Combos Intermediate Online Workshop,Mai01Mittwoch,"ab 44,00 €",1 Einheit,Yoga and Pole Art by Selina,"Online *, World Wide",https://www.eversports.de/e/workshop/bi8m5zs
Yoga Rad Online Workshop: Schwerpunkt Backbends ,Mai19Sonntag,"ab 44,00 €",1 Einheit,Yoga and Pole Art by Selina,"Online *, World Wide",https://www.eversports.de/e/workshop/ccLkJAE
Pole meets Burlesque Workshop,Feb09Freitag,"ab 30,00 €",1 Einheit,Pole and Move Heidelberg,"Hauptstraße 58, 69214 Eppelheim",https://www.eversports.de/e/workshop/VYi81mK
Pole Nick - Down to Earth,Feb24Samstag,"ab 60,00 €",1 Einheit,Pole and Move Heidelberg,"Hauptstraße 58, 69214 Eppelheim",https://www.eversports.de/e/workshop/101RSFR
Pole Nick - Balance Baby,Feb24Samstag,"ab 60,00 €",1 Einheit,Pole and Move Heidelberg,"Hauptstraße 58, 69214 Eppelheim",https://www.eversports.de/e/workshop/AnumKko
Pole Nick - Alltime Favourites,Feb24Samstag,"ab 60,00 €",1 Einheit,Pole and Move Heidelberg,"Hauptstraße 58, 69214 Eppelheim",https://www.eversports.de/e/workshop/aqDwRxt
Strip Plastic mit BendyGio,März22Freitag,"ab 59,00 €",1 Einheit,Pole and Move Heidelberg,"Hauptstraße 58, 69214 Eppelheim",https://www.eversports.de/e/workshop/xpUUbAx
Spinning Flexy Illusions mit BendyGio,März22Freitag,"ab 59,00 €",1 Einheit,Pole and Move Heidelberg,"Hauptstraße 58, 69214 Eppelheim",https://www.eversports.de/e/workshop/yXAMy8l
Dan Rosen - Dynamic Heels,Apr28Sonntag,"ab 65,00 €",1 Einheit,Pole and Move Heidelberg,"Hauptstraße 58, 69214 Eppelheim",https://www.eversports.de/e/workshop/mI91ydw
Dan Rosen - Heels Flow,Apr28Sonntag,"ab 65,00 €",1 Einheit,Pole and Move Heidelberg,"Hauptstraße 58, 69214 Eppelheim",https://www.eversports.de/e/workshop/Ngcpd4l
Dan Rosen - Dan's Favourite Combo's,Apr28Sonntag,"ab 65,00 €",1 Einheit,Pole and Move Heidelberg,"Hauptstraße 58, 69214 Eppelheim",https://www.eversports.de/e/workshop/ij8VZCH
VALENTIN´S SPECIAL ,Feb03bis Feb 04,"ab 30,00 €",4 Einheiten,The Pole Lounge,"Goethestraße 6b, 39108 Magdeburg",https://www.eversports.de/e/workshop/QD21QTN
Lyrical Pole Workshop - Anfänger,Feb22Donnerstag,"ab 30,00 €",1 Einheit,Flow Fusion Pole-Aerial-Dance Studio,"Platenstraße 64, 90441 Nürnberg",https://www.eversports.de/e/workshop/pcj6I1Q
Pole Flow | ab Level 2 | Workshop ,Feb18Sonntag,"ab 35,00 €",1 Einheit,Pure Motion Kiel,"Eichkamp 1-5, 24116 Kiel",https://www.eversports.de/e/workshop/Z1qnkVh
Lap & Strip (ALL LEVELS)  *Valentine`s Edition,Feb10Samstag,"ab 35,00 €",1 Einheit,Soultide,"Süderstraße 159A, 20537 Hamburg",https://www.eversports.de/e/workshop/Q5aPZDK
Lap Dance I Hot as Hell (Intermediate),Feb10Samstag,"ab 35,00 €",1 Einheit,Soultide,"Süderstraße 159A, 20537 Hamburg",https://www.eversports.de/e/workshop/I9MFy2z
Partner Akrobatik,Dez12bis Apr 16,"ab 30,00 €",3 Einheiten,Pole Land,"Kölner Straße 336a, 40227 Düsseldorf",https://www.eversports.de/e/workshop/ezegoNQ
Partner Akrobatik ,Jan28Sonntag,"ab 30,00 €",1 Einheit,Pole Land,"Kölner Straße 336a, 40227 Düsseldorf",https://www.eversports.de/e/workshop/mFEme0g
Pole mit Lea,Feb18bis Feb 18,"ab 35,00 €",2 Einheiten,Pole Land,"Kölner Straße 336a, 40227 Düsseldorf",https://www.eversports.de/e/workshop/S8noX1Z
Spinning an der Static,März10Sonntag,"ab 25,00 €",1 Einheit,Pole Land,"Kölner Straße 336a, 40227 Düsseldorf",https://www.eversports.de/e/workshop/SqEYfO3
Favourit Pole Combos and Splitz,Apr20bis Apr 20,"ab 79,00 €",2 Einheiten,Pole Land,"Kölner Straße 336a, 40227 Düsseldorf",https://www.eversports.de/e/workshop/OGUBUS8
Pole Choreo,Apr21Sonntag,"ab 35,00 €",1 Einheit,Pole Land,"Kölner Straße 336a, 40227 Düsseldorf",https://www.eversports.de/e/workshop/VVXdiD8
Chairdance,Jan27Samstag,"ab 30,00 €",1 Einheit,Pole and Move Ketsch,"Gutenbergstraße 36, 68775 Ketsch",https://www.eversports.de/e/workshop/d8-2jYm
Twerking Workshop,Jan27Samstag,Ausgebucht,1 Einheit,Pole and Move Ketsch,"Gutenbergstraße 36, 68775 Ketsch",https://www.eversports.de/e/workshop/m2bIKF_
Burlesque,März02Samstag,"ab 30,00 €",1 Einheit,Pole and Move Ketsch,"Gutenbergstraße 36, 68775 Ketsch",https://www.eversports.de/e/workshop/nZwqDWw
Handstand,März02Samstag,"ab 30,00 €",1 Einheit,Pole and Move Ketsch,"Gutenbergstraße 36, 68775 Ketsch",https://www.eversports.de/e/workshop/NCNYd8p
Pole Straps Intermediate Workshop,Feb03Samstag,"ab 30,00 €",1 Einheit,Pole and Move Mannheim,"Edisonstraße 20, 68309 Mannheim",https://www.eversports.de/e/workshop/UZAUnxM
Pole Straps Beginner Workshop,Feb03Samstag,"ab 30,00 €",1 Einheit,Pole and Move Mannheim,"Edisonstraße 20, 68309 Mannheim",https://www.eversports.de/e/workshop/-IGRjIZ
Handstand Workshop,März09Samstag,"ab 30,00 €",1 Einheit,Pole and Move Mannheim,"Edisonstraße 20, 68309 Mannheim",https://www.eversports.de/e/workshop/gbofUBp
Aerial Hoop Choreo Workshop ,März09Samstag,"ab 30,00 €",1 Einheit,Pole and Move Mannheim,"Edisonstraße 20, 68309 Mannheim",https://www.eversports.de/e/workshop/NFfn_y6
We love Pancakes - mit Caroline Lange,März22Freitag,"ab 59,00 €",1 Einheit,Pole and Move Mannheim,"Edisonstraße 20, 68309 Mannheim",https://www.eversports.de/e/workshop/miY7n0b
Aerial Hoop Choreo Workshop ,Apr13Samstag,"ab 30,00 €",1 Einheit,Pole and Move Mannheim,"Edisonstraße 20, 68309 Mannheim",https://www.eversports.de/e/workshop/C9b62JT
Handstand Workshop,Apr13Samstag,"ab 30,00 €",1 Einheit,Pole and Move Mannheim,"Edisonstraße 20, 68309 Mannheim",https://www.eversports.de/e/workshop/0fonSE4
STRONG Nation Block,Jan13bis Feb 03,"ab 35,00 €",4 Einheiten,Ramonas Tanzschmiede,"Ückendorfer Straße 121, 45886 Gelsenkirchen",https://www.eversports.de/e/workshop/qpLF3tB
Jazz Funk Workshop,Feb10Samstag,"ab 15,00 €",1 Einheit,Ramonas Tanzschmiede,"Ückendorfer Straße 121, 45886 Gelsenkirchen",https://www.eversports.de/e/workshop/NUbP_o2
Dancehall Workshop,Feb25Sonntag,"ab 15,00 €",1 Einheit,Ramonas Tanzschmiede,"Ückendorfer Straße 121, 45886 Gelsenkirchen",https://www.eversports.de/e/workshop/h6T780l
Kids Contemporary Workshop,März09Samstag,"ab 15,00 €",1 Einheit,Ramonas Tanzschmiede,"Ückendorfer Straße 121, 45886 Gelsenkirchen",https://www.eversports.de/e/workshop/HZmJGaW
Polefitness Kids,Jan10bis Jan 31,"ab 43,00 €",4 Einheiten,PoleathletiX,"Industriestr 10, 22927 Celle",https://www.eversports.de/e/workshop/bFfG7kg
Pilates - die sanfte Kraft,Jan11bis März 14,"ab 12,00 €",10 Einheiten,PoleathletiX,"Industriestr 10, 22927 Celle",https://www.eversports.de/e/workshop/fWcLCKr
Polefitness Schnuppertraining ,Jan12bis Feb 02,"ab 12,00 €",4 Einheiten,PoleathletiX,"Industriestr 10, 22927 Celle",https://www.eversports.de/e/workshop/Tb_3jSS
Jumping Fitness,Jan29bis Feb 12,"ab 10,00 €",2 Einheiten,PoleathletiX,"Industriestr 10, 22927 Celle",https://www.eversports.de/e/workshop/BCHRRb3
Chair Dance,Feb06Dienstag,"ab 10,00 €",1 Einheit,PoleathletiX,"Industriestr 10, 22927 Celle",https://www.eversports.de/e/workshop/LuQ-jUD
Polefitness Kids,Feb07bis Feb 28,"ab 43,00 €",4 Einheiten,PoleathletiX,"Industriestr 10, 22927 Celle",https://www.eversports.de/e/workshop/wpcpX0U
YoungMamaFit,Feb08bis Apr 11,"ab 13,00 €",10 Einheiten,PoleathletiX,"Industriestr 10, 22927 Celle",https://www.eversports.de/e/workshop/csrqGyT
Twerk it ,Feb11Sonntag,"ab 10,00 €",1 Einheit,PoleathletiX,"Industriestr 10, 22927 Celle",https://www.eversports.de/e/workshop/rXgOpSM
Chair Dance,Feb20Dienstag,"ab 10,00 €",1 Einheit,PoleathletiX,"Industriestr 10, 22927 Celle",https://www.eversports.de/e/workshop/GPwT8hl
Faszientraining - AgilityLife,März21bis Mai 09,"ab 12,00 €",8 Einheiten,PoleathletiX,"Industriestr 10, 22927 Celle",https://www.eversports.de/e/workshop/Q4B35ej
Einsteiger-Workshop,Jan27Samstag,"ab 30,00 €",1 Einheit,Star Poledance,"Rudolf-Diesel-Straße 6, 53919 Weilerswist",https://www.eversports.de/e/workshop/Z8xiHKr
CHAIR Dance mit POLE Dance,Jan28Sonntag,Ausgebucht,1 Einheit,Pole Dance Krefeld,"Hochfelder Straße 47, 47809 Krefeld",https://www.eversports.de/e/workshop/AKLhjkw
★SASHA MEOW★ Exotic Pole Flow Choreo Beginner,Feb03Samstag,Ausgebucht,1 Einheit,Pole Dance Krefeld,"Hochfelder Straße 47, 47809 Krefeld",https://www.eversports.de/e/workshop/-EpTuWT
★SASHA MEOW★ Exotic Pole Tricks & Combos | All Level,Feb03Samstag,Ausgebucht,1 Einheit,Pole Dance Krefeld,"Hochfelder Straße 47, 47809 Krefeld",https://www.eversports.de/e/workshop/hFi4nNH
★SASHA MEOW★ Exotic Pole Flow Choreo Intermediate,Feb03Samstag,Ausgebucht,1 Einheit,Pole Dance Krefeld,"Hochfelder Straße 47, 47809 Krefeld",https://www.eversports.de/e/workshop/T5e_9Bp
Lap Dance & Striptease | Valentines Special,Feb11Sonntag,"ab 35,00 €",1 Einheit,Pole Dance Krefeld,"Hochfelder Straße 47, 47809 Krefeld",https://www.eversports.de/e/workshop/WkTS9HS
Exotic Pole Dance | Beginner,März24Sonntag,"ab 35,00 €",1 Einheit,Pole Dance Krefeld,"Hochfelder Straße 47, 47809 Krefeld",https://www.eversports.de/e/workshop/_LQRruK
